Salutation,FirstName,LastName,Suffix,Gender,Position,Specialty,Email,Phone,OnClient
Mr.,Pathik,Gandhi,,M,System Analyst,MFT,pathik.gandhi@itechtions.com,1234567890,FALSE
Mr.,Abner,Corpuz,,M,System Analyst,BW,abner.corpuz@itechtions.com,1234567891,FALSE
Ms.,Morgan,Keith,Jr., Female,Sales and Marketing,Aenean Eget Metus Corp.,lobortis.augue.scelerisque@iaculis.com,1606110132999,False
Mrs.,Marcia,Head,III,Male ,Legal Department,Tellus LLC,dui.Cras.pellentesque@tinciduntorciquis.net,1694122649299,True
Mrs.,Chastity,Hawkins,, Female,Quality Assurance,Integer Eu Lacus PC,tortor.nibh@sitametconsectetuer.net,1614041970599,True
Ms.,Shad,Atkins,, Female,Media Relations,Nam Interdum Enim Incorporated,magna.Suspendisse@Cras.ca,1644042319799,True
Mr.,Hillary,Hahn,III, Female,Human Resources,Non Magna Institute,leo.Morbi@natoquepenatibus.ca,1681010751799,False
Mrs.,Ori,Stark,Sr.,Male ,Research and Development,Velit Pellentesque Ultricies Inc.,libero.Morbi@Sed.co.uk,1614042484199,False
Dr.,Donovan,Cain,Sr.,Male ,Finances,Phasellus Vitae Mauris Incorporated,convallis.ligula@Vestibulumut.edu,1649062515999,False
Ms.,Alden,Baird,,Male ,Public Relations,Sem Consequat Company,porttitor@Vivamus.net,1614111501099,False
Mrs.,Dahlia,Gilliam,IV,Male ,Asset Management,Nullam LLP,nonummy.ipsum.non@quisdiamPellentesque.com,1675011850999,False
Ms.,Bo,Watkins,,Male ,Customer Service,Integer Inc.,pulvinar.arcu@ridiculusmus.co.uk,1643040703799,True
Mr.,Germane,West,,Male ,Accounting,Imperdiet Industries,ullamcorper.Duis@dapibusrutrum.co.uk,1608122708199,True
Mr.,Iris,Haney,Jr.,Male ,Finances,Erat Etiam Corp.,nisi@semegetmassa.com,1617092107899,True
Ms.,Alexandra,Battle,Sr., Female,Advertising,Sed Auctor Odio Corporation,Duis.risus@Donec.co.uk,1623112999499,True
Mrs.,Charles,Anthony,, Female,Finances,Sed Turpis Nec LLP,Proin.dolor.Nulla@diam.com,1616022815199,True
,Tate,Camacho,Jr.,Male ,Public Relations,Per Conubia Company,pretium@gravida.net,1663101697099,True
Dr.,Nayda,Williamson,, Female,Payroll,Interdum Libero Dui Institute,cursus@sociisnatoque.edu,1691040963899,False
Dr.,Samuel,Simpson,,Male ,Quality Assurance,Cursus Industries,ultrices.sit@loremfringillaornare.co.uk,1625092161599,True
Mrs.,Grady,Grimes,IV,Male ,Asset Management,Molestie Ltd,enim@eleifend.com,1638102319699,False
Mr.,Jaquelyn,Hughes,Jr.,Male ,Payroll,Mi Foundation,diam@dapibusquam.net,1683102278299,True
Dr.,Cooper,Harmon,Jr.,Male ,Tech Support,Lorem Vehicula Inc.,In.condimentum.Donec@diam.net,1641091591799,False
Mrs.,Levi,Franklin,, Female,Payroll,Ipsum Inc.,turpis.vitae@Fuscealiquamenim.org,1632021791699,False
Mr.,Julie,Walls,Sr., Female,Human Resources,Orci Foundation,Suspendisse.sed@commodoat.co.uk,1682122584399,True
Ms.,Dominique,Stuart,, Female,Human Resources,Amet Associates,fringilla.euismod.enim@Etiamligula.net,1622032396099,True
Dr.,Joshua,Alexander,, Female,Advertising,Velit Sed Limited,id.risus@Integerinmagna.co.uk,1681091527999,True
Mr.,Philip,Shaw,IV,Male ,Public Relations,Natoque Penatibus PC,fermentum.convallis@nibhQuisquenonummy.co.uk,1615042301999,True
Mr.,Rebekah,Fry,,Male ,Customer Service,Dolor Nonummy Institute,vestibulum@nec.ca,1651011352999,False
Dr.,Ulla,Schneider,III, Female,Finances,Volutpat Nunc Consulting,orci.Ut@netusetmalesuada.ca,1636112399599,False
Ms.,Cassidy,Hobbs,Sr., Female,Legal Department,Eu Elit Corp.,risus.Quisque.libero@pedesagittis.edu,1628022376199,False
Ms.,Paloma,Cohen,, Female,Quality Assurance,Tincidunt Aliquam Arcu PC,molestie.pharetra.nibh@Inatpede.com,1622042495799,True
Dr.,Melvin,Buckner,IV,Male ,Customer Relations,Neque LLC,turpis@fringillaestMauris.org,1635032448399,False
Dr.,Jeanette,Hunt,IV, Female,Payroll,Et Associates,Nulla.eget@Cumsociis.edu,1687020947899,True
Ms.,Jamal,Cunningham,III, Female,Payroll,Eu Eros LLC,faucibus@faucibuslectus.com,1694060265899,True
Mr.,Hayley,Vega,Sr., Female,Payroll,Felis Purus Ac Consulting,fringilla@molestietellusAenean.net,1699022586499,True
Ms.,Carson,Craft,Sr., Female,Payroll,Tortor Associates,magnis@tempusrisus.org,1669090787599,True
Dr.,Reuben,Matthews,,Male ,Human Resources,Sollicitudin Commodo Ipsum Inc.,est@semperet.com,1690021208199,True
Ms.,Louis,Hurley,IV,Male ,Tech Support,Vestibulum Incorporated,tellus.Suspendisse@ultricesVivamus.co.uk,1666050491999,False
Ms.,Sacha,Mooney,, Female,Research and Development,Sapien Associates,blandit.mattis@quisdiamluctus.co.uk,1663091754899,True
Mrs.,Wayne,Burch,, Female,Quality Assurance,Egestas LLC,Vivamus.non@risus.com,1627120150699,False
Dr.,Carissa,Lynch,,Male ,Media Relations,Nisl Maecenas Associates,Nulla.facilisi@dui.com,1672101084199,True
,Mechelle,Burke,IV,Male ,Finances,Elit Inc.,consequat.dolor.vitae@ornaresagittis.net,1607040916599,True
Ms.,Kelsie,Randolph,,Male ,Finances,Sem Pellentesque Ut Corp.,tortor@Aliquamnec.edu,1673031828099,True
Ms.,Walker,Preston,Sr., Female,Media Relations,Etiam Corp.,lacinia.at.iaculis@nonloremvitae.org,1661071868999,True
Dr.,Charde,Vaughan,IV, Female,Quality Assurance,Erat Company,cursus@luctusut.net,1658032383899,False
Ms.,Dane,Lyons,, Female,Payroll,Dictum Magna Industries,Donec.est.Nunc@egestasligula.com,1605010576099,False
Mr.,Reese,Herman,Jr.,Male ,Finances,Elit Industries,pharetra.sed.hendrerit@lorem.ca,1639061197999,True
Mr.,India,Mcneil,IV,Male ,Media Relations,Sed Malesuada Augue Foundation,nec.mauris@tinciduntnequevitae.com,1616051396499,False
Mrs.,Brynn,Michael,IV, Female,Tech Support,Ipsum Dolor Sit Company,neque@tristique.net,1686042370499,True
Mr.,Hasad,Hooper,IV,Male ,Human Resources,Lacus Etiam Bibendum LLP,ut.erat@veliteusem.ca,1695071049799,False
,Julie,Blankenship,Sr., Female,Tech Support,Senectus Et LLP,eros.turpis@egestasligulaNullam.ca,1650020857599,True
Ms.,Gavin,Park,Sr., Female,Public Relations,Quam Elementum Foundation,tellus.Nunc.lectus@Maecenas.co.uk,1661051535199,False
Dr.,Roanna,Rosa,, Female,Customer Service,Semper Ltd,posuere@mollis.net,1608011895199,False
Dr.,Cynthia,Curry,III, Female,Sales and Marketing,Sit Amet Nulla Foundation,cursus.a@netusetmalesuada.co.uk,1651070108599,True
Mrs.,Quintessa,Reese,, Female,Customer Relations,Et Netus Corp.,Donec.felis.orci@et.net,1632041017199,True
,Reed,Hunter,IV,Male ,Accounting,Penatibus Corp.,sem.ut@Duisdignissim.co.uk,1601120700499,True
Mr.,Tyrone,Booker,Jr.,Male ,Public Relations,Imperdiet Corp.,Donec.egestas.Duis@eget.edu,1637121950999,False
Ms.,Penelope,Moreno,IV,Male ,Quality Assurance,Mauris Molestie Pharetra Inc.,nascetur.ridiculus.mus@turpisnec.edu,1685062149099,True
Mr.,Jared,Hinton,, Female,Customer Relations,Nunc Institute,metus@Cumsociisnatoque.net,1680082662299,False
Mr.,Gemma,Hurley,Jr.,Male ,Accounting,Non LLP,fermentum.fermentum.arcu@ligula.edu,1683051729899,False
Ms.,Ori,Velazquez,III, Female,Public Relations,Fusce Feugiat Foundation,nisl@Praesent.net,1648113063699,False
Ms.,Kendall,Weeks,Jr., Female,Human Resources,Cursus Associates,a.dui@temporlorem.org,1690022065799,False
Ms.,Ignacia,Gonzalez,III, Female,Asset Management,Libero Incorporated,ut.sem.Nulla@Aliquamtincidunt.com,1686042946299,True
Mr.,Holly,Richmond,III, Female,Public Relations,Ultrices LLP,ut.molestie.in@odio.org,1688051316299,False
Mr.,Chaney,Pena,,Male ,Human Resources,Egestas Urna Justo LLP,laoreet.posuere@Vivamus.co.uk,1652081352999,False
Mrs.,Preston,Johnson,III, Female,Media Relations,Ut Incorporated,interdum.Nunc.sollicitudin@lobortis.ca,1685082461699,False
Ms.,Quon,Mcintosh,, Female,Advertising,Dictum Magna Ut Company,nec@In.edu,1610060453199,False
Mrs.,May,Sparks,IV, Female,Public Relations,Eu Elit Nulla Associates,lectus@sodalespurus.ca,1668102416399,True
Ms.,Macy,Poole,III, Female,Advertising,Lacinia Company,eros.turpis@Cras.ca,1696042611399,False
Mr.,Addison,Parks,Jr.,Male ,Public Relations,Varius Et Inc.,Mauris.nulla.Integer@vel.org,1627031452899,False
Mrs.,Blythe,Mayer,III, Female,Customer Service,Leo Elementum Sem Limited,scelerisque@dui.ca,1661041878499,True
Dr.,Zena,Moses,,Male ,Human Resources,Integer Sem Elit Institute,neque.Nullam@enimSednulla.co.uk,1605121789199,True
,Finn,Barton,Jr., Female,Research and Development,Augue Limited,mauris.aliquam@Utsagittislobortis.com,1683082085299,False
,Serena,Christensen,III,Male ,Media Relations,Ante Bibendum PC,non.arcu.Vivamus@nonummyFusce.edu,1628032431499,True
Ms.,Velma,Lloyd,Sr., Female,Advertising,Purus Gravida Corp.,metus@dolorelit.org,1603041998399,False
Mr.,Chanda,Nguyen,Jr., Female,Accounting,Aenean Eget LLC,non.justo@blandit.edu,1610081798699,False
Ms.,Cara,Dickerson,Sr., Female,Sales and Marketing,Curabitur Vel Limited,lobortis.nisi.nibh@pedeultrices.co.uk,1651051609299,True
Mr.,Neville,Huber,, Female,Human Resources,Purus In LLP,Phasellus@tellusnon.org,1609071502099,True
,Kirk,Shields,Sr.,Male ,Finances,Ut Lacus Corp.,sodales.at.velit@in.ca,1604112987999,True
Mr.,Aquila,Franco,Jr.,Male ,Customer Service,Sagittis Corporation,suscipit.est.ac@Nullamscelerisqueneque.ca,1620021706899,True
,Sybil,Daniel,IV, Female,Public Relations,Turpis Aliquam Adipiscing Corporation,eros.Nam@natoque.co.uk,1688121215199,True
,Kiara,Mcfadden,Jr., Female,Tech Support,Aliquam Ornare Associates,In@pedeblanditcongue.ca,1606070104499,True
Mrs.,Philip,Golden,IV,Male ,Customer Relations,Neque Vitae LLP,nibh.sit.amet@hendreritid.com,1640121965999,True
Mrs.,Desiree,Rose,Jr.,Male ,Tech Support,Augue Sed LLC,tristique.ac@elementumpurusaccumsan.co.uk,1657100473999,False
,Vivien,Dodson,III,Male ,Finances,Sem Corporation,elit.a@nonante.com,1680050216599,False
Mrs.,Jennifer,Ayers,,Male ,Public Relations,At Velit Pellentesque LLP,volutpat@ante.net,1698121211499,False
Mrs.,Jacqueline,Mccarthy,Jr.,Male ,Research and Development,Massa Limited,a.felis.ullamcorper@aliquam.net,1692012204099,False
Mr.,Madeson,Villarreal,IV, Female,Payroll,Non Corp.,mollis.Phasellus@Duis.co.uk,1699010721199,True
Dr.,Abbot,Burgess,IV, Female,Finances,Faucibus Ut Incorporated,amet.ante@ullamcorper.org,1679092489199,True
Ms.,Baxter,Sweeney,,Male ,Quality Assurance,Mauris Magna Ltd,vitae@Aliquamfringilla.edu,1684042543899,True
Ms.,Lane,Brown,IV,Male ,Advertising,Molestie Sodales Mauris Corporation,eu@lacus.co.uk,1623062142099,True
Ms.,Cullen,Wolf,Sr., Female,Payroll,Et Magnis Inc.,semper@tempor.edu,1632092380399,False
Dr.,Myles,Dickson,,Male ,Accounting,Nunc Risus Consulting,Cras.pellentesque@eunulla.ca,1696111878399,False
,Shana,Ochoa,III, Female,Media Relations,Aliquam Nisl PC,ridiculus@dui.org,1690052006699,True
,Judith,Cannon,III, Female,Quality Assurance,Diam Eu Dolor PC,eleifend@nasceturridiculus.ca,1635021972699,False
Ms.,Abra,Ortiz,, Female,Finances,Luctus Industries,nibh.Aliquam.ornare@sitamet.ca,1660070718499,False
Mr.,Addison,Perez,,Male ,Customer Service,Tincidunt Tempus Corp.,mus@molestieSedid.org,1681112379999,True
Ms.,Nicole,Lynch,,Male ,Tech Support,At Libero Morbi PC,eget@In.org,1649112434899,True
Ms.,Nora,Byers,Sr.,Male ,Legal Department,Convallis Erat Eget Limited,libero.at.auctor@metusAliquamerat.co.uk,1626030662799,True
Dr.,Malachi,Rose,Jr.,Male ,Finances,Netus Et Malesuada Inc.,porttitor.vulputate.posuere@duinec.co.uk,1607062063199,False
,Wang,Prince,Sr., Female,Finances,Mauris Associates,augue.porttitor@tellusimperdiet.edu,1601071577699,False
Mrs.,Derek,Preston,IV, Female,Research and Development,Tincidunt Orci Quis Ltd,vitae.orci.Phasellus@miDuisrisus.org,1641100413899,True
,Alyssa,Bowman,Jr., Female,Quality Assurance,Eu Placerat Ltd,turpis.egestas@AeneanmassaInteger.net,1674020538599,True
Mr.,Andrew,Ramirez,, Female,Legal Department,Pellentesque LLP,sem@consectetueradipiscing.co.uk,1633081706199,True
Mrs.,Sydnee,Swanson,, Female,Asset Management,Auctor Corp.,pretium@disparturientmontes.ca,1643112282699,True
Mr.,Quon,Levine,Jr., Female,Public Relations,Dui PC,Donec.vitae@ipsumSuspendissenon.org,1677101719799,True
,Carol,Hines,, Female,Customer Service,A Inc.,Etiam.gravida@Etiamvestibulummassa.edu,1640010956499,True
Dr.,Rudyard,Harding,III, Female,Research and Development,Eleifend LLP,aliquam.adipiscing.lacus@euturpis.ca,1676023094199,True
Mrs.,Allen,Patterson,III, Female,Human Resources,Auctor Velit Incorporated,sit.amet@quamdignissimpharetra.co.uk,1607012223299,False
Dr.,Yvonne,Richardson,Jr.,Male ,Asset Management,Blandit Nam Inc.,luctus.vulputate.nisi@ipsum.net,1631050976199,False
Mrs.,Fay,Gregory,IV,Male ,Human Resources,Orci Luctus Company,enim@anteMaecenas.net,1675090423799,True
,Beverly,Collier,,Male ,Advertising,Nisi Cum Sociis LLP,orci.luctus.et@risus.co.uk,1626020845999,True
Dr.,Amaya,Blackwell,,Male ,Human Resources,Quam Quis Diam Incorporated,gravida@ut.com,1662101981499,False
Mrs.,Alden,Pace,IV, Female,Customer Relations,Eros Non Ltd,turpis.In.condimentum@ipsumdolor.org,1646042661599,True
Mr.,Aimee,Watkins,, Female,Human Resources,Gravida Foundation,Donec.tempus@etmalesuadafames.ca,1684081496499,False
Ms.,Harlan,Nelson,Jr., Female,Media Relations,Curabitur PC,odio.a.purus@Nullam.org,1652102731699,False
Mrs.,Ulysses,Poole,IV,Male ,Research and Development,Volutpat Nulla Corporation,odio.Aliquam@magnaUttincidunt.ca,1626062043499,True
Dr.,April,Barton,Sr.,Male ,Media Relations,Consectetuer Adipiscing Elit LLP,mollis.lectus@iderat.org,1613031064499,True
Dr.,Nehru,Morgan,IV, Female,Customer Service,Lectus Quis Foundation,ornare.sagittis@bibendumfermentum.net,1647070240999,True
Mr.,Rudyard,Hutchinson,Sr.,Male ,Public Relations,Diam Industries,ut.erat.Sed@anteipsumprimis.ca,1661061464199,False
Mr.,Quyn,Terrell,Sr., Female,Legal Department,Ultrices PC,convallis.convallis.dolor@necdiamDuis.org,1625051605099,True
,Carson,Gaines,, Female,Accounting,Felis Adipiscing Fringilla Inc.,placerat@quisdiam.com,1697021706099,False
Ms.,Talon,Gutierrez,, Female,Advertising,Malesuada Id Institute,metus.facilisis.lorem@Duis.edu,1682052793099,True
,Upton,Berger,IV,Male ,Sales and Marketing,Rutrum Industries,a.mi@ac.net,1607112437499,False
Mr.,Vanna,Nolan,III, Female,Finances,Donec LLC,Duis.sit.amet@Praesenteunulla.net,1622032730799,False
Mrs.,Cora,Beach,III,Male ,Sales and Marketing,Rutrum Lorem Ac Inc.,tincidunt.vehicula.risus@tellus.ca,1650122022999,False
,Malik,Floyd,Jr., Female,Research and Development,Ipsum LLP,nec@interdumCurabiturdictum.co.uk,1689040559899,False
Ms.,Omar,Russell,Jr.,Male ,Public Relations,Vivamus Associates,mollis@In.org,1696012928299,False
Ms.,Emery,Sosa,Sr., Female,Customer Service,Elit Aliquam Industries,sit.amet.orci@volutpat.ca,1656101692599,False
Dr.,Ethan,Romero,,Male ,Advertising,Sit Consulting,congue@aptent.ca,1644043041299,True
Dr.,Randall,Ford,Sr., Female,Media Relations,Proin Corp.,vitae.risus.Duis@musAeneaneget.org,1636083027899,False
Mrs.,Merritt,Buck,,Male ,Tech Support,Conubia LLC,Ut.semper@erat.net,1673071623199,True
Ms.,Pamela,Wolf,, Female,Quality Assurance,Etiam Gravida Molestie Institute,a.auctor.non@magnaatortor.org,1684100731799,True
Ms.,Desiree,Knapp,Jr.,Male ,Payroll,Vitae Sodales Nisi Corporation,Aenean@eratnonummyultricies.co.uk,1663091030999,True
Mr.,Robert,Nixon,Jr., Female,Tech Support,Vitae Risus PC,ridiculus.mus.Donec@malesuada.org,1695081827299,False
Dr.,Colby,Christian,Sr.,Male ,Accounting,Egestas Aliquam Incorporated,non.arcu@Nunc.ca,1627012953099,True
,Jermaine,Lynch,,Male ,Legal Department,Non Ante PC,Sed.id@sodales.com,1693030219499,True
Dr.,Noelle,Paul,III, Female,Accounting,Euismod Industries,Integer.eu.lacus@Integermollis.net,1609081486699,False
,Iona,Mathews,,Male ,Customer Relations,Lorem Fringilla Ornare Consulting,pharetra.felis@feugiattelluslorem.com,1632030290399,True
,Daphne,Ball,,Male ,Asset Management,Imperdiet Ornare Foundation,ac.risus.Morbi@consequat.com,1608112474599,True
Mrs.,Caesar,Wong,, Female,Quality Assurance,Lorem Industries,nec.euismod@pellentesque.ca,1632120924699,False
Dr.,Linda,Walter,, Female,Media Relations,Mollis Phasellus Inc.,aliquam.eu@etmalesuada.co.uk,1699122349899,True
Mrs.,Julian,Bradford,III,Male ,Sales and Marketing,Ac Ipsum Associates,accumsan.sed@lectusjustoeu.org,1640110261199,True
Ms.,Brett,Weiss,Jr., Female,Public Relations,Odio Incorporated,Proin@utpharetra.edu,1642110100599,False
Ms.,Kelsey,Valentine,IV,Male ,Payroll,Gravida Non Associates,tempor.augue@Suspendissenon.ca,1624122365499,False
Mrs.,Timon,Powell,Sr.,Male ,Media Relations,Ac Company,semper.Nam@Naminterdumenim.net,1677051024099,True
Dr.,Lani,Rogers,IV,Male ,Public Relations,Vitae Company,Nam.ligula@dui.net,1658112513899,False
Ms.,Orson,Fisher,IV,Male ,Human Resources,Risus Quis Limited,ultrices@metusVivamuseuismod.net,1615092298299,True
Dr.,Magee,Welch,Jr.,Male ,Legal Department,Urna Institute,non.nisi.Aenean@vulputateullamcorpermagna.ca,1689101910399,False
Mr.,Donna,Orr,Sr.,Male ,Finances,Mollis PC,ligula.eu.enim@cubiliaCuraePhasellus.com,1637112830399,False
Dr.,Carter,Mccall,,Male ,Human Resources,Lectus Associates,amet@nibhvulputatemauris.org,1632111493499,True
,Mona,Vaughn,, Female,Research and Development,Sed Pede Ltd,nec.malesuada@facilisiseget.net,1678081626499,False
Ms.,Fuller,Ayala,, Female,Payroll,Ac Industries,eget@et.edu,1619062321399,False
,Iona,Finley,IV, Female,Media Relations,Turpis Corp.,Proin.non@sitamet.co.uk,1692021574999,False
Dr.,Chantale,Langley,Jr.,Male ,Customer Service,Nunc Est Corp.,justo.Praesent.luctus@variusultrices.net,1686010895399,True
Ms.,Dale,Rich,,Male ,Sales and Marketing,Aliquet Metus Corp.,et@gravida.ca,1609070393399,False
,Palmer,Clayton,IV, Female,Finances,Quis Pede Suspendisse Foundation,ut@perinceptoshymenaeos.net,1663090952299,False
,Macon,Hartman,Sr., Female,Sales and Marketing,Ut Dolor Dapibus Limited,nulla.vulputate@Fuscediam.com,1654061557199,False
Dr.,Angela,Case,, Female,Research and Development,Tincidunt LLC,tellus@eleifend.net,1624030225899,True
,Kevyn,Cole,,Male ,Tech Support,Dictum Mi Ac Associates,ullamcorper.eu@dolortempus.org,1662031030999,False
Mrs.,Fiona,Fitzpatrick,, Female,Public Relations,Orci Incorporated,Quisque@dictumsapienAenean.co.uk,1672121630899,True
Mr.,Eaton,Wilson,, Female,Customer Relations,Curae; Phasellus Ornare Inc.,orci@nondapibus.co.uk,1697021122099,False
Dr.,Reece,Wiley,Jr.,Male ,Research and Development,Faucibus Morbi Vehicula Consulting,vestibulum.nec@faucibusorciluctus.net,1694040220299,False
Mr.,Gannon,Dejesus,IV,Male ,Accounting,Quisque Imperdiet Erat Institute,lorem.lorem@Aliquam.co.uk,1604122761999,True
Mr.,Brock,Nicholson,Jr., Female,Quality Assurance,Risus Odio LLP,erat@malesuada.com,1623072265299,False
,Anika,Rutledge,,Male ,Customer Relations,Augue Corp.,eu.erat@quamquis.ca,1627072267299,True
Mrs.,Fritz,Richardson,Jr.,Male ,Customer Relations,Eu Corp.,Nam.ac@ornareIn.edu,1614011262099,True
,Lawrence,Cannon,Sr., Female,Sales and Marketing,Id Enim Corporation,tortor.dictum@ridiculusmusProin.edu,1677101347999,False
,Aaron,Chambers,IV,Male ,Payroll,Vitae Velit Egestas Ltd,sociosqu.ad.litora@egetmetusIn.edu,1636100386599,False
,Vernon,Tyler,Sr.,Male ,Finances,Sed Nunc Est Foundation,varius@risus.net,1687051829899,False
Mrs.,Rigel,Barr,Sr., Female,Asset Management,Pede Nonummy LLC,dictum.eu.placerat@nec.org,1695011676599,True
Dr.,Daphne,Bean,Jr., Female,Public Relations,Ac Foundation,nec.orci@consequatpurus.edu,1648080766699,False
,Scarlet,Livingston,III, Female,Customer Service,Donec Nibh Quisque LLP,Sed.nec@acmetusvitae.co.uk,1680101744299,True
Dr.,Joshua,Patterson,Jr., Female,Asset Management,Adipiscing Mauris PC,magna@dolor.ca,1672081214599,False
Dr.,Sydnee,Short,Sr.,Male ,Finances,Semper Inc.,blandit.enim@eget.com,1690110694799,False
Mr.,Dai,Reyes,IV, Female,Advertising,Morbi Tristique Corp.,ante.Nunc.mauris@ipsumnunc.org,1691070101899,True
Ms.,Shelley,Cain,, Female,Sales and Marketing,Donec Tempus Industries,Integer.tincidunt.aliquam@massa.edu,1675101445399,False
Dr.,Nora,Dotson,III, Female,Quality Assurance,Placerat Velit Quisque LLP,Nulla.interdum@vitaeodio.co.uk,1630022932399,True
Dr.,Kuame,Price,Jr., Female,Asset Management,Integer PC,vel@diamPellentesquehabitant.edu,1697030658599,True
Ms.,Kirby,Rodriquez,Sr., Female,Legal Department,Faucibus Inc.,Sed.malesuada@semegestas.edu,1697032390699,True
Mrs.,Rigel,Waller,Sr.,Male ,Finances,Penatibus Corp.,dolor.elit.pellentesque@ullamcorperDuiscursus.net,1632101145799,True
,Ava,Avila,Jr.,Male ,Customer Relations,Nulla LLC,amet.consectetuer@magna.com,1681112501399,False
,Rylee,Beach,, Female,Asset Management,Morbi Vehicula Pellentesque Company,semper.dui.lectus@euarcu.com,1624052340599,False
Dr.,Drake,Hardy,,Male ,Quality Assurance,Natoque Foundation,convallis@acipsumPhasellus.edu,1638050750499,False
Mrs.,Hayden,Hurley,Sr.,Male ,Finances,Magna Limited,vehicula.Pellentesque@orci.com,1682041726699,False
Ms.,Gary,Harrell,IV,Male ,Customer Relations,Dapibus Id Blandit Incorporated,congue@Suspendissealiquet.net,1656122254199,False
,Judith,Wyatt,,Male ,Tech Support,Ac Limited,dui.Cum@etipsumcursus.com,1653011763899,False
Dr.,Alisa,Walker,III, Female,Research and Development,Tincidunt Inc.,Maecenas.mi@ornare.ca,1646090995299,False
,Imogene,Sawyer,, Female,Tech Support,Quisque Industries,lacinia.Sed@nec.ca,1692031070099,True
,Berk,Fuller,IV, Female,Asset Management,Pretium Aliquet Metus Industries,nisi.Cum.sociis@sedturpis.co.uk,1649092825999,False
Mrs.,Burton,Adkins,, Female,Payroll,A LLP,Phasellus@eratneque.edu,1687031644599,True
Dr.,Glenna,Mendoza,III, Female,Quality Assurance,Lorem Incorporated,tellus@enimcondimentumeget.edu,1698022324199,False
Mr.,Hope,Palmer,,Male ,Customer Relations,Eu Enim PC,convallis.est.vitae@massarutrum.edu,1622121335599,False
Mr.,Rajah,Sanchez,IV,Male ,Customer Service,Lorem Fringilla Ornare PC,nostra.per@sitamet.com,1660061136699,False
Mrs.,Kellie,Copeland,Jr., Female,Accounting,Pellentesque Inc.,turpis.In.condimentum@viverraDonectempus.com,1602071417899,False
Ms.,Amethyst,Frederick,III,Male ,Public Relations,In LLP,Phasellus.libero.mauris@lectus.com,1667111380099,True
Ms.,Ira,Hudson,Jr.,Male ,Human Resources,Ultrices Posuere Cubilia Industries,Mauris.magna.Duis@egetlacusMauris.com,1617110474799,False
Ms.,Shaine,Barr,,Male ,Media Relations,Lectus Ltd,ac@scelerisquemollis.net,1639111255399,True
,Jermaine,Wiley,, Female,Research and Development,Tellus Suspendisse LLP,non@duiCras.co.uk,1677062116299,True
Mr.,Aaron,Wells,, Female,Customer Service,Varius Et Limited,lorem.ut@euelitNulla.edu,1672101062999,False
Mr.,Jada,Scott,Sr., Female,Finances,Id Corp.,sem.elit.pharetra@nisiMaurisnulla.com,1616030543899,False
Dr.,Avram,Mcfadden,, Female,Legal Department,Facilisis Facilisis Inc.,Cras.sed@Morbinequetellus.edu,1608121134899,True
Dr.,Cade,Bentley,,Male ,Sales and Marketing,Sem Corporation,sem.elit.pharetra@lobortisultricesVivamus.org,1601100239499,False
Dr.,Ferdinand,Hubbard,,Male ,Research and Development,In Mi LLC,Nulla.eu.neque@congueaaliquet.co.uk,1640090367299,False
Mr.,Mufutau,Olsen,IV,Male ,Human Resources,Tempus Scelerisque PC,lacus.vestibulum.lorem@Phasellus.org,1607091749199,False
Dr.,Hanae,Arnold,, Female,Research and Development,Nisi Limited,nulla.Integer@ornarelectusante.co.uk,1645122743799,False
Mr.,Ezekiel,Newman,III,Male ,Customer Relations,Consequat Enim Diam Foundation,viverra.Maecenas@duiinsodales.net,1682040656199,False
Mr.,Lane,Peters,Sr.,Male ,Tech Support,Semper Corporation,semper@id.co.uk,1652092135699,False
Dr.,Kenyon,Mcdowell,Sr.,Male ,Finances,Libero Corporation,arcu@tellusnon.edu,1608072043899,True
Mr.,Jermaine,Chase,IV, Female,Customer Service,Cras Industries,dui.Cras.pellentesque@pharetranibh.org,1611011071999,True
Mr.,Lucius,Deleon,, Female,Quality Assurance,Fusce Mollis Institute,et.risus.Quisque@Donecnibh.org,1640022696299,True
,Lara,Hudson,Jr., Female,Sales and Marketing,Magna Cras Industries,lacus.Mauris.non@nec.ca,1642020843299,True
Mrs.,Reagan,Bowers,,Male ,Legal Department,Neque Foundation,nunc.interdum.feugiat@eratVivamus.edu,1602020952099,True
Ms.,Pamela,Butler,III,Male ,Customer Service,Suspendisse Dui Inc.,pretium.neque@turpis.edu,1608071839199,False
Ms.,Mona,Peterson,,Male ,Tech Support,Ornare Associates,risus.Duis@nibh.co.uk,1635011745499,True
Mrs.,Timon,Dale,IV, Female,Accounting,Dui Incorporated,nec@milacinia.edu,1694051107399,False
Ms.,Kaye,Cantrell,IV,Male ,Sales and Marketing,Massa Vestibulum Accumsan Company,purus@semconsequatnec.com,1681101831299,True
Ms.,Arthur,Henry,,Male ,Legal Department,Curabitur Vel Ltd,orci@blanditenim.net,1602102794799,False
Mrs.,Declan,Holden,,Male ,Payroll,Ut Company,arcu@aliquetlobortisnisi.org,1612040453999,True
,Bethany,Kane,IV, Female,Quality Assurance,Nam Consequat Dolor LLP,aliquet.odio.Etiam@vellectusCum.edu,1689020130399,False
Mrs.,Neve,Foley,,Male ,Customer Service,Elit Institute,amet.consectetuer@gravida.com,1698111426499,True
Dr.,Myles,Bartlett,III,Male ,Accounting,Orci Lacus LLC,Lorem.ipsum@egetvenenatis.org,1643060844299,False
Mr.,Hector,Gray,Sr., Female,Public Relations,Non Quam Pellentesque Corporation,mauris.elit@lobortis.edu,1669120373999,False
Mr.,Maggy,Curry,III, Female,Quality Assurance,Malesuada Malesuada LLP,Nam.consequat@MaurisnullaInteger.edu,1619050799599,False
Mrs.,Adrienne,Pratt,, Female,Quality Assurance,Porttitor Eros Inc.,ultricies@ipsumporta.ca,1617032315799,False
Mrs.,Emmanuel,Hartman,III,Male ,Advertising,Vehicula LLC,mus.Donec.dignissim@antedictummi.co.uk,1676031426799,False
Dr.,Prescott,Butler,, Female,Finances,Fusce Aliquam LLC,mi@arcuCurabitur.ca,1696061666999,True
Dr.,Orson,Hurley,,Male ,Customer Service,Vulputate Eu PC,nisi.magna@In.co.uk,1639031054599,False
,Daryl,Mccarthy,Sr., Female,Accounting,Pede Consulting,sed@disparturientmontes.edu,1604070495699,True
Mr.,Julian,Jarvis,Jr., Female,Sales and Marketing,Mi Lorem LLC,lacinia.Sed.congue@sed.org,1665020568399,False
Mr.,Tatum,Odonnell,Jr.,Male ,Accounting,Pellentesque Tellus Foundation,lacinia@Maecenaslibero.net,1613051393199,True
Mrs.,Maia,Holloway,IV,Male ,Advertising,Tristique Pellentesque PC,sit@nislarcuiaculis.net,1690112084199,True
Mrs.,Quinn,Howard,,Male ,Public Relations,Erat Limited,cursus@turpis.org,1631060160499,True
Dr.,Leila,Mayo,Jr.,Male ,Quality Assurance,Lorem Donec Foundation,ante@euismod.com,1626042818699,True
,Wyatt,Simpson,,Male ,Asset Management,Congue Foundation,aliquam.enim@augueid.co.uk,1648071074899,False
Dr.,Luke,Casey,,Male ,Quality Assurance,Eu Placerat Eget Corporation,pharetra.sed@ametfaucibus.edu,1681120862799,True
Mr.,Duncan,Sexton,IV,Male ,Payroll,Turpis Egestas Institute,vitae.sodales.at@sedlibero.net,1667052814199,False
Mrs.,Chancellor,Mcknight,Sr.,Male ,Sales and Marketing,Libero Corp.,sagittis.placerat.Cras@non.net,1699081318099,True
,Allistair,Whitaker,, Female,Public Relations,Suspendisse Commodo Tincidunt Inc.,mi@malesuada.net,1684021372399,False
Ms.,Veda,Wiley,,Male ,Finances,Praesent Eu Company,amet.consectetuer.adipiscing@sociisnatoquepenatibus.com,1667121070499,True
Mrs.,Orli,Burke,,Male ,Advertising,Lectus A PC,tincidunt.dui.augue@interdumliberodui.org,1651042515799,False
Dr.,Caryn,Craft,Jr.,Male ,Tech Support,Viverra Donec Tempus LLP,malesuada.Integer@parturientmontes.com,1600041185499,True
Mr.,Griffin,Baxter,IV, Female,Research and Development,Libero Est Corporation,semper.dui@ligulaAliquamerat.edu,1616020325499,False
,Melvin,Navarro,III,Male ,Legal Department,Magnis Corporation,nulla.Cras@infaucibus.ca,1659111105499,False
Ms.,Xandra,Francis,IV,Male ,Asset Management,Ut Tincidunt Limited,fringilla@Sedneque.co.uk,1686060532299,False
Dr.,Farrah,Solomon,Sr.,Male ,Sales and Marketing,Amet Ltd,Nunc@maurissitamet.net,1660032846899,True
Ms.,Hiroko,Mathis,Sr., Female,Quality Assurance,Hymenaeos Mauris Ut Foundation,eu@lacusUtnec.co.uk,1637102851499,False
Mr.,Carissa,Wall,,Male ,Finances,Arcu Sed Limited,ridiculus.mus@magnisdis.com,1669052190799,False
,Hyatt,Pacheco,IV,Male ,Customer Relations,Consectetuer Rhoncus Institute,arcu@disparturient.org,1694091858499,True
,Oprah,Garrison,III, Female,Legal Department,Arcu Eu Odio LLP,turpis.nec.mauris@sitametmetus.edu,1652090909499,True
,Elton,Burgess,,Male ,Advertising,Magna Sed Corp.,ut@suscipitestac.org,1661071272999,True
Dr.,Alyssa,Goff,, Female,Quality Assurance,Vitae Mauris Limited,urna@ullamcorpermagna.com,1629010853499,True
Ms.,Scarlet,Hampton,,Male ,Research and Development,Velit Egestas Industries,Maecenas.malesuada@dui.edu,1602050692999,True
Ms.,Kyla,Blankenship,IV,Male ,Customer Relations,Integer Industries,risus@vitae.edu,1673080521999,True
Ms.,Rebekah,Clements,,Male ,Finances,Vel Vulputate Eu Institute,Vivamus.rhoncus@ultricesposuere.ca,1646120601899,False
Mr.,Neil,Stokes,Jr.,Male ,Quality Assurance,Quis Incorporated,metus@velit.edu,1658120402299,True
Dr.,Judah,Hull,IV, Female,Quality Assurance,Pede Nonummy Ut Company,Curabitur.ut@molestieSed.org,1652110515599,True
Ms.,Nerea,Gregory,III, Female,Legal Department,Aliquet Magna A Institute,lorem.eget@imperdiet.org,1689110177199,False
Ms.,Colorado,Booker,, Female,Human Resources,Varius Nam Porttitor Institute,dictum.Proin@risusaultricies.com,1608040858099,True
,Cyrus,Wheeler,Jr.,Male ,Advertising,Augue Eu LLP,Cum@loremauctorquis.org,1614102743799,False
Ms.,Yuli,Walton,III,Male ,Legal Department,Vel Vulputate Incorporated,gravida.Praesent.eu@ac.edu,1671112018199,True
Dr.,Arthur,Walsh,III,Male ,Asset Management,Pede Malesuada Industries,ultrices.sit.amet@at.ca,1632092048099,False
,Amy,Lamb,IV, Female,Finances,A Arcu Incorporated,placerat@laciniaat.ca,1695042088399,False
Mr.,Uriel,Shannon,Sr., Female,Customer Relations,Ornare Inc.,magna@dapibusrutrumjusto.ca,1610011301499,False
Dr.,Debra,Delacruz,Sr.,Male ,Media Relations,Fusce PC,imperdiet@montes.com,1625101488099,True
,Kyla,Jones,,Male ,Sales and Marketing,Dolor Egestas Rhoncus Ltd,non.lobortis@interdumCurabiturdictum.net,1610112425299,True
,Wyatt,Harper,Jr.,Male ,Research and Development,Orci In Inc.,ipsum.Suspendisse@In.com,1656080396099,False
Mr.,Clio,Macias,III, Female,Asset Management,Amet Faucibus Ut Incorporated,dapibus.rutrum@nuncIn.org,1635032511499,False
Ms.,Stuart,Ruiz,IV,Male ,Human Resources,Dolor Quisque Limited,magna.Lorem.ipsum@erosProinultrices.com,1657011157599,False
,Garrett,Jacobson,Jr., Female,Human Resources,Egestas Aliquam Industries,mauris.ipsum@nullaDonec.edu,1652022877499,True
,Ferris,Lee,, Female,Advertising,Fringilla Donec Feugiat Company,nisl@cursusluctusipsum.com,1631052721399,True
Mr.,Lacey,Juarez,,Male ,Human Resources,Ante Consulting,magna.Duis.dignissim@temporerat.org,1645121457899,True
Dr.,Christian,Hester,,Male ,Human Resources,Vitae Erat Vivamus Industries,ipsum.cursus.vestibulum@Donectempus.ca,1657063043599,True
Mr.,Wallace,Davis,, Female,Asset Management,Aliquet Limited,Mauris@necmollisvitae.com,1624041801799,False
Mr.,Lacey,Juarez,III, Female,Human Resources,Ornare Fusce Associates,venenatis@Proinnisl.org,1687090105699,False
Dr.,Gareth,Ortega,IV, Female,Payroll,Quis Arcu PC,blandit@faucibusMorbi.com,1627051875199,False
Mrs.,Darryl,Brooks,, Female,Tech Support,Ornare Lectus Corp.,sit@mollis.edu,1692011842699,True
Ms.,Harrison,Ayala,,Male ,Advertising,Metus Aenean Corp.,ipsum.dolor.sit@enimCurabiturmassa.com,1606041069899,True
Mr.,Jasper,Vasquez,Jr., Female,Finances,Duis Mi Enim Incorporated,nec.tempus.mauris@Donec.ca,1649112814399,True
Mr.,Serina,Palmer,, Female,Research and Development,Malesuada Fames Limited,lectus@egetmetus.ca,1652102844799,False
Dr.,Wesley,Talley,IV, Female,Customer Service,Ullamcorper Limited,lobortis.mauris.Suspendisse@nunc.ca,1673010354099,False
Dr.,Castor,Little,III, Female,Customer Relations,Nunc Sed Corporation,consequat@nislMaecenas.net,1690082511599,False
Dr.,Lewis,Logan,IV, Female,Quality Assurance,Neque Non Quam LLC,eget.laoreet.posuere@justoProin.ca,1695072629299,False
Mrs.,Virginia,Case,,Male ,Media Relations,Pede Nunc Industries,mi@iaculis.co.uk,1676081354199,True
Mrs.,Branden,Witt,Jr.,Male ,Human Resources,Donec Porttitor Tellus LLP,et.libero@luctussit.com,1693100996199,False
Mrs.,Amir,Jimenez,III,Male ,Media Relations,Neque Nullam Ut Inc.,a@senectus.co.uk,1603091601399,False
Ms.,Clio,Joyner,Sr.,Male ,Asset Management,Risus Duis Ltd,eget@erosnonenim.edu,1657042538299,True
Mr.,Evan,Blake,IV, Female,Legal Department,Augue Foundation,non@magna.org,1633060319499,True
Dr.,Malachi,Peck,III, Female,Quality Assurance,Nulla Dignissim Industries,sit.amet.metus@eu.net,1658011170699,False
,Fitzgerald,Valenzuela,, Female,Customer Relations,Amet Dapibus Id Corporation,amet.dapibus.id@idnunc.ca,1678032634199,False
,Hayley,Camacho,Sr., Female,Asset Management,Sed Pede Consulting,scelerisque.neque@nibhPhasellusnulla.co.uk,1623041057399,False
Dr.,Cameran,Cline,III, Female,Finances,Senectus Et Netus Associates,id.magna@Aliquamornarelibero.org,1608082648199,True
Dr.,Xandra,Vargas,III, Female,Advertising,Orci Inc.,tristique@eu.org,1643030118799,True
Ms.,Shelby,Middleton,III,Male ,Customer Relations,Pellentesque Massa Lobortis PC,mollis.Phasellus@elit.net,1669021019299,True
Mr.,Merritt,Mathews,Jr., Female,Accounting,Ornare Egestas Ligula Incorporated,Pellentesque.ultricies.dignissim@urnaconvallis.ca,1655091969199,False
Mrs.,Carolyn,Oneill,Sr., Female,Quality Assurance,Magna Suspendisse Tristique Industries,Aliquam.fringilla@metusInnec.edu,1632091308999,False
,Keely,Sellers,,Male ,Quality Assurance,Nunc Ut Erat Company,lacus.Etiam.bibendum@posuerecubiliaCurae.ca,1611020135499,True
Dr.,Nerea,Frye,, Female,Quality Assurance,Diam Duis Corporation,enim@consectetueradipiscing.org,1639111432899,False
Mrs.,Jameson,Mcbride,IV,Male ,Payroll,Eu Accumsan Corporation,fames.ac@a.ca,1614111402999,True
Mr.,Adrian,Ochoa,Jr.,Male ,Sales and Marketing,A Feugiat Tellus Limited,elit.sed.consequat@inlobortis.org,1610092641899,True
,Alfreda,Petersen,IV, Female,Customer Relations,Sit Amet Lorem Limited,dolor.Donec.fringilla@Donec.ca,1695082427599,True
Ms.,Quamar,Buck,, Female,Finances,Rutrum Non Hendrerit PC,id.erat@enimmitempor.org,1656081180099,True
Mr.,Hyacinth,Solomon,Jr.,Male ,Legal Department,Vestibulum Accumsan Neque Corp.,mauris.aliquam.eu@odioauctor.net,1652072148699,False
Dr.,Fritz,Doyle,Sr.,Male ,Quality Assurance,Dolor Quisque Tincidunt Industries,enim.nec@acmetusvitae.ca,1602090244899,True
Mrs.,Darius,Bowen,Jr.,Male ,Public Relations,Nam Interdum Enim PC,tellus.Suspendisse@risusDonec.ca,1611050288699,True
Mrs.,Taylor,Huffman,,Male ,Quality Assurance,Netus Et Malesuada Incorporated,velit.Aliquam@cursusNunc.ca,1672042277599,False
Mrs.,Gemma,Hodges,Sr.,Male ,Legal Department,Quis Tristique Limited,pede.Cras.vulputate@tempor.com,1632102709799,True
,Olga,Farmer,,Male ,Customer Service,Sociosqu LLP,in.consequat@justo.net,1670070113199,False
Mr.,Shafira,Robinson,Jr., Female,Sales and Marketing,Vestibulum PC,Integer@massaVestibulum.co.uk,1615111275799,True
Ms.,Leonard,Wilkins,III, Female,Media Relations,Diam Pellentesque Habitant Company,in@a.com,1674112809399,False
Mr.,Beatrice,Rich,, Female,Customer Relations,Dolor Elit Limited,imperdiet.nec@sitamet.net,1693011515599,True
Mr.,Shannon,Hayes,Jr.,Male ,Customer Relations,Elit Pharetra Company,ornare.lectus@viverra.org,1685052030899,True
Mrs.,Rhona,Rojas,,Male ,Advertising,At Institute,Integer@Vivamusnonlorem.com,1662120441999,True
,Lila,Hopper,Sr., Female,Research and Development,Diam Luctus Lobortis Incorporated,ipsum.nunc@necimperdietnec.net,1614061206799,False
Mrs.,Jenna,Stone,Sr.,Male ,Sales and Marketing,Dolor Company,est.mauris.rhoncus@Inlorem.ca,1669120447199,True
Mr.,Arthur,Vinson,Sr.,Male ,Accounting,Magna Suspendisse Consulting,dignissim@Donec.org,1664010487099,False
Mr.,Wyoming,Edwards,,Male ,Media Relations,Vitae Diam Proin LLC,risus@arcuMorbisit.net,1653090223499,False
Ms.,Hakeem,Kaufman,IV,Male ,Public Relations,Sed Nunc Est Foundation,non.sollicitudin@ornare.ca,1617010809599,False
Mr.,Audrey,Holt,Jr.,Male ,Customer Relations,Blandit Enim Consequat Foundation,nibh.Phasellus@Vestibulum.co.uk,1648113083699,True
Mrs.,Rogan,Yang,III,Male ,Sales and Marketing,Fusce Incorporated,faucibus.ut@risusDonec.org,1674030599599,True
,Uma,Hebert,, Female,Tech Support,Dapibus Rutrum Justo Industries,id@QuisquevariusNam.org,1623092236799,True
Mr.,Naida,Dunlap,III,Male ,Customer Service,Ipsum Curabitur Company,Phasellus@Pellentesque.com,1684101021799,False
Ms.,Levi,Jones,, Female,Legal Department,Id PC,feugiat.nec.diam@risusMorbi.org,1615061810899,False
Mrs.,David,Carver,IV, Female,Payroll,Tincidunt Tempus Foundation,sem@ac.net,1629031764999,False
Mrs.,Elizabeth,Prince,IV, Female,Media Relations,Massa Rutrum Magna LLC,volutpat@urnaUt.org,1645112407699,True
Mrs.,Noah,Ruiz,IV, Female,Public Relations,Nec Ltd,Fusce@ametornare.co.uk,1617070966399,True
Mr.,Jacqueline,Gilliam,Sr.,Male ,Sales and Marketing,In Faucibus Morbi Industries,Fusce.dolor@lacusQuisque.org,1682070402499,True
Mr.,Xavier,Blair,Jr.,Male ,Customer Relations,In Faucibus Morbi Consulting,consectetuer.adipiscing.elit@egetvariusultrices.ca,1613010800199,False
Ms.,Hayfa,Bell,IV,Male ,Customer Relations,Nulla Vulputate PC,egestas.rhoncus.Proin@euismodindolor.com,1607112899899,True
,Dacey,Long,, Female,Payroll,Nec Mauris Blandit Associates,consectetuer.ipsum.nunc@enim.org,1659120405599,True
Dr.,Tyler,Shannon,III,Male ,Accounting,Gravida Nunc Sed Foundation,placerat@Morbiquisurna.co.uk,1674062504899,False
Ms.,McKenzie,Becker,Sr.,Male ,Sales and Marketing,Mauris Non Dui LLC,facilisis@cursusInteger.co.uk,1687110201199,True
Mr.,Jason,Durham,,Male ,Legal Department,Sit Amet Ltd,Duis.volutpat.nunc@egestasrhoncusProin.com,1616081382799,False
Dr.,Duncan,Summers,III, Female,Finances,Risus A Incorporated,Morbi.accumsan@massaSuspendisse.ca,1669090180199,False
,Madaline,Pollard,,Male ,Customer Relations,Nunc Foundation,Lorem.ipsum@Aenean.net,1629110826299,False
Mrs.,Erin,Delacruz,Jr., Female,Asset Management,Arcu Inc.,ullamcorper@neceleifendnon.com,1614111970699,True
Mrs.,Piper,Greer,III, Female,Public Relations,Venenatis Associates,sapien.Cras@massa.co.uk,1642110422699,True
Dr.,Idola,Bradshaw,,Male ,Media Relations,Neque Tellus Ltd,et.arcu.imperdiet@laciniavitae.ca,1680073064699,True
,Hasad,Cherry,III, Female,Public Relations,Dui Fusce Diam LLC,magna@velitjustonec.net,1604092215899,True
,Noelani,Cantrell,, Female,Asset Management,Euismod Industries,Etiam@adipiscingligula.com,1651103072599,False
Dr.,Hall,Rosales,III,Male ,Human Resources,Nec Malesuada PC,tincidunt.nibh@conubianostra.co.uk,1666070342999,False
Ms.,Dorian,Rowe,, Female,Tech Support,Diam Consulting,sed@blanditviverra.net,1654011191399,False
Ms.,Logan,Orr,, Female,Customer Relations,Quam LLC,enim.Sed@rutrum.co.uk,1689090819199,False
,Hop,Snow,IV, Female,Finances,Lorem Eu Institute,dignissim.Maecenas@Nulladignissim.org,1630110844699,True
Mrs.,Robert,Odom,Sr.,Male ,Human Resources,Donec LLC,id.ante.dictum@Quisque.net,1642042522099,False
Mrs.,Roth,Townsend,IV, Female,Payroll,Odio Nam Interdum Corporation,dictum.Proin.eget@velest.org,1687112857199,True
Ms.,Alexander,Jimenez,,Male ,Customer Relations,Arcu Et Pede Company,egestas.ligula@amalesuadaid.net,1623012660499,True
Mr.,Macey,Meadows,IV, Female,Public Relations,Non Feugiat Nec PC,auctor.velit.Aliquam@etrutrum.co.uk,1661013049099,True
Ms.,Zachary,Brennan,III, Female,Accounting,Pede Industries,eget@Incondimentum.org,1609112909499,False
Mr.,Breanna,Middleton,IV, Female,Public Relations,Amet Risus Donec Limited,mattis.velit@leoelementum.net,1658012060499,False
,Ezra,Alexander,,Male ,Customer Service,Vel Est PC,libero.nec@Crasvehicula.net,1665052276599,True
Ms.,Patience,Vasquez,IV, Female,Finances,Nulla Tempor Augue Industries,nulla.Donec.non@enimmitempor.net,1655091636499,False
Ms.,Amir,Horton,Sr., Female,Legal Department,Lorem Company,consequat.purus@Ut.com,1620050923299,False
Mrs.,Noelani,Sloan,Sr., Female,Customer Relations,Diam Luctus Lobortis Industries,sit@vulputatemauris.com,1664031932599,False
Ms.,Rigel,Kim,Sr.,Male ,Media Relations,Pede Company,Curabitur.ut@arcu.net,1679041739499,False
Mr.,Arthur,Buckner,Sr., Female,Quality Assurance,Nunc Institute,eu.tellus@nec.ca,1697052029099,True
Mrs.,Alec,Lara,,Male ,Quality Assurance,Cras Corporation,Duis@adipiscing.com,1634041979999,True
,Kareem,Hinton,Sr., Female,Tech Support,Lorem Ut Aliquam Ltd,Nunc.laoreet@DuisgravidaPraesent.net,1628112268199,False
,Ivor,Daniel,Jr., Female,Payroll,Proin Velit Limited,Nulla@sedturpis.ca,1655010185599,True
Mr.,Leo,Weeks,, Female,Advertising,A Company,quis.accumsan@vitaesodalesat.edu,1688102601099,False
Ms.,Kelly,Cunningham,IV, Female,Quality Assurance,Cum Sociis Incorporated,ante.Nunc@blanditcongueIn.org,1666011191599,False
Ms.,Anastasia,Chandler,Jr., Female,Customer Relations,Rhoncus LLC,Donec.dignissim@odioEtiam.net,1689072585899,False
,Pascale,Stone,Jr.,Male ,Finances,Leo Elementum Corp.,molestie@auctorveliteget.com,1633050466899,True
Mrs.,Risa,Reilly,III, Female,Sales and Marketing,Consectetuer Associates,turpis@leoVivamus.net,1639040109599,True
Mrs.,Kai,Mccarthy,IV, Female,Accounting,Donec Nibh Quisque Institute,cursus@velturpisAliquam.org,1643120168099,True
,Brennan,Compton,Jr.,Male ,Research and Development,Fringilla Limited,at.nisi.Cum@pedemalesuada.ca,1630042160599,False
Mr.,Dillon,Haynes,IV,Male ,Accounting,Curabitur Egestas Nunc PC,sit.amet.nulla@eratvolutpat.co.uk,1630071295999,True
,Maggie,Schultz,, Female,Asset Management,In Lobortis Incorporated,Aliquam.erat@senectus.net,1625082151399,False
,Hamish,Cooke,IV, Female,Accounting,Cum Institute,eu.dui@velpede.net,1672070401999,False
Mr.,Candace,Mendez,IV,Male ,Legal Department,Neque Industries,in.cursus.et@Nulla.ca,1611010546999,True
Mrs.,Maite,Roach,, Female,Accounting,Nisi Corporation,erat.nonummy.ultricies@nisl.net,1602041442899,False
Mr.,Hayley,Humphrey,, Female,Public Relations,Non Lorem LLP,ante@Pellentesqueultriciesdignissim.org,1634010525699,True
Dr.,Kaden,Powell,IV, Female,Tech Support,Nascetur Ridiculus Industries,dolor.Quisque.tincidunt@Pellentesqueultriciesdignissim.co.uk,1663020736399,True
Mrs.,Macey,Emerson,Sr.,Male ,Media Relations,Amet Risus Donec Industries,nibh@magnaSedeu.net,1625072096799,True
Mrs.,Zenaida,Pickett,, Female,Tech Support,Nec Urna Et Consulting,vel.lectus.Cum@egestasrhoncusProin.net,1690112213299,False
Dr.,Fiona,Velasquez,Jr., Female,Payroll,Id Risus Quis Institute,nec@orci.ca,1657090700499,False
Mrs.,Yvonne,Hunt,Jr.,Male ,Customer Relations,Semper Erat In LLC,vulputate.risus.a@rutrumjustoPraesent.com,1677121995599,False
Mrs.,Wynter,Boyd,IV,Male ,Finances,Dictum Placerat Corporation,ligula.Aliquam@orcisem.org,1641081390499,True
Dr.,Cruz,Sexton,, Female,Research and Development,Odio Auctor Corp.,risus@pede.org,1671032507399,True
Mrs.,Veda,Mills,Jr., Female,Media Relations,Sed Industries,malesuada.fringilla.est@Suspendisse.net,1672101911099,True
Dr.,Clayton,Chaney,Jr., Female,Public Relations,Ornare Facilisis Eget Associates,ut.sem.Nulla@maurisid.ca,1632071578399,True
Mr.,Blaze,Farmer,, Female,Media Relations,Arcu Associates,blandit.congue@sapiencursus.org,1691032496799,False
,Norman,Hewitt,IV,Male ,Public Relations,Id Risus Quis Ltd,quis@lorem.org,1641112371299,True
Mr.,Vanna,Powers,, Female,Media Relations,Vulputate Lacus Cras Corporation,non.justo@placeratorci.com,1618021718899,False
Mr.,Melissa,Juarez,Jr.,Male ,Research and Development,Adipiscing LLC,elit@malesuadaInteger.org,1660010498699,False
,Kareem,Mercado,Sr., Female,Customer Service,At Velit Cras LLP,mollis.lectus.pede@malesuadavel.com,1611091016099,False
Mr.,Curran,Fields,,Male ,Human Resources,Primis In Faucibus Ltd,quis@Aliquamtinciduntnunc.net,1640061512199,False
Mrs.,Shay,Pierce,IV,Male ,Research and Development,Pellentesque Eget Dictum Institute,Quisque.ac.libero@gravidasagittisDuis.co.uk,1603042053999,True
Ms.,Irene,Melton,III,Male ,Advertising,A Facilisis Non Industries,risus@insodaleselit.com,1600052700099,False
Mrs.,Zia,Sanders,,Male ,Legal Department,Sollicitudin Commodo Corporation,ultricies.ligula@imperdietullamcorperDuis.com,1600072965599,True
Mrs.,Bertha,Howell,,Male ,Research and Development,Curae; Donec Tincidunt Institute,tincidunt.aliquam.arcu@leoelementum.com,1678040222899,True
Mr.,Rhoda,Newton,, Female,Sales and Marketing,Enim Nec LLP,et@dictum.net,1607121974699,False
Mr.,Lara,Conley,Sr., Female,Customer Relations,Orci Limited,interdum@Ut.org,1660112433299,True
Mrs.,Madeline,Padilla,, Female,Quality Assurance,Vitae Aliquet Nec PC,consequat.purus@parturientmontesnascetur.net,1654031851799,False
Mr.,Kasimir,Mcclain,,Male ,Customer Relations,Ultricies Inc.,sollicitudin@tincidunt.co.uk,1674082891399,False
,Fleur,Burks,,Male ,Advertising,Felis Purus Limited,sodales@tellusfaucibus.ca,1683041877999,False
,Pamela,Rowland,, Female,Public Relations,Nec Quam Associates,orci@metussit.edu,1630062313199,False
Dr.,Aidan,Price,Jr.,Male ,Accounting,Gravida Inc.,Suspendisse@faucibusleoin.edu,1685080994399,True
Dr.,Emerald,Parsons,,Male ,Asset Management,Arcu LLP,orci.lacus@augueeutellus.ca,1645060457099,True
Ms.,Dorian,Giles,III,Male ,Payroll,In Aliquet Lobortis Institute,neque.pellentesque.massa@aultriciesadipiscing.net,1691112750199,False
,Christine,Bishop,Sr.,Male ,Accounting,Lectus Company,odio.tristique.pharetra@cursuspurus.co.uk,1614121015099,False
Dr.,Gloria,Valentine,, Female,Advertising,Vestibulum Company,quam.Pellentesque@anteNuncmauris.co.uk,1639023056999,False
Mr.,Mara,Patel,,Male ,Customer Relations,Pede Corp.,Phasellus.nulla@auctor.org,1615120632599,False
Dr.,Delilah,Floyd,,Male ,Media Relations,Molestie Corporation,vel@consequatdolorvitae.com,1629050118599,True
Dr.,Shad,Moore,Sr., Female,Customer Service,Commodo Foundation,eu.neque.pellentesque@vitae.com,1685090522099,False
,Graiden,Fletcher,,Male ,Finances,Etiam Vestibulum LLP,eget.metus.eu@nislelementum.edu,1601051703399,True
,Chandler,Hampton,Sr., Female,Advertising,Egestas A Limited,nunc.interdum@dictum.co.uk,1692012402199,False
,John,Stuart,III,Male ,Finances,Ac Institute,risus.Donec.egestas@euismodmauris.org,1699011266999,False
Mr.,Ezra,Phillips,IV,Male ,Asset Management,Nunc Mauris Company,neque@egetnisidictum.ca,1608123003199,True
Dr.,Nolan,Cooke,, Female,Research and Development,Semper Tellus Id Ltd,Aliquam.vulputate@lacus.co.uk,1688102570699,True
,Jameson,James,III,Male ,Quality Assurance,Eleifend Egestas Institute,ridiculus.mus@portaelita.org,1658103001699,False
,Fatima,Hardy,, Female,Public Relations,Et Consulting,ac.mattis.velit@utsem.com,1691012405499,True
,Dolan,Holland,, Female,Quality Assurance,Nibh Industries,Nullam.lobortis@sagittis.ca,1678050245199,False
Mrs.,Amery,Maldonado,Sr.,Male ,Asset Management,Iaculis Quis Pede Incorporated,Vivamus@ut.ca,1607072384799,False
Mr.,Melanie,Howard,III, Female,Advertising,Diam Institute,mi.Duis@et.co.uk,1622090912999,False
Mr.,Maile,Clayton,IV, Female,Tech Support,Elit Pellentesque A Company,pellentesque.Sed@neque.net,1614040544499,True
Dr.,Lyle,Haley,Sr.,Male ,Customer Service,Orci Foundation,Cras.eget.nisi@ligulaNullam.org,1676102884999,True
Dr.,Demetria,Mercado,III, Female,Public Relations,Mi Lacinia LLC,mattis.semper.dui@NullafacilisisSuspendisse.net,1667031699099,True
Mr.,Guy,Hopper,IV, Female,Tech Support,Sapien Molestie Ltd,iaculis.quis@varius.edu,1692091017599,False
Mr.,Linus,Kramer,IV, Female,Asset Management,Metus Associates,faucibus@semelitpharetra.co.uk,1690051720599,True
Mr.,Summer,Dale,,Male ,Customer Relations,Luctus Ut Pellentesque LLC,magnis.dis.parturient@Suspendisse.net,1637090911499,False
Dr.,Maxwell,Hurley,IV,Male ,Human Resources,Eleifend Nec Associates,a.mi.fringilla@semsempererat.ca,1603080476299,True
Mrs.,Daniel,Hunt,,Male ,Customer Relations,Donec Industries,porta@lacus.com,1601082510099,False
Mrs.,Veda,Sandoval,Sr.,Male ,Human Resources,In Aliquet Lobortis Foundation,ullamcorper@ametconsectetueradipiscing.org,1614092497499,False
Mrs.,Ulla,Webb,IV, Female,Payroll,Ut Quam Company,Phasellus.vitae@et.edu,1677043001999,True
Dr.,Hedley,Frazier,Jr.,Male ,Asset Management,Id Blandit At Corp.,Fusce.feugiat@tincidunt.edu,1641120979999,False
Dr.,Dane,Hester,III, Female,Public Relations,Nullam Nisl Maecenas Corp.,leo.Vivamus@accumsanlaoreet.edu,1635021581999,True
Dr.,Brianna,Haney,, Female,Legal Department,Sapien Cras Dolor Consulting,Ut@Loremipsum.net,1684030341499,True
Ms.,Shea,Avery,,Male ,Human Resources,Euismod Urna Nullam Associates,Aliquam.ultrices@nibhAliquam.com,1610021575999,True
Mr.,Uta,Mccoy,IV, Female,Quality Assurance,Feugiat Inc.,aliquet.odio@auctor.co.uk,1685020676099,True
Mrs.,Ima,Golden,,Male ,Media Relations,Tellus Sem Corp.,feugiat.non@felisadipiscing.org,1611051852099,False
Ms.,Edward,Wong,,Male ,Accounting,Sem Consulting,Proin@ornareFuscemollis.net,1614022047699,False
Dr.,Sean,Nixon,Sr., Female,Customer Relations,Cras Pellentesque Sed Corporation,odio.a.purus@Sed.org,1617082743099,False
,Griffin,Simpson,Jr., Female,Asset Management,Laoreet Foundation,montes.nascetur@sodales.co.uk,1662033095199,True
,Reece,Rogers,IV,Male ,Payroll,Sit Foundation,Duis.cursus@FuscemollisDuis.edu,1656101120799,True
Mrs.,Cassady,Molina,III, Female,Tech Support,Eu Incorporated,dui@egetlaoreetposuere.com,1659021236299,False
,Dale,Riley,IV,Male ,Finances,Neque Et Nunc Foundation,Fusce@Maurisnon.co.uk,1644111272599,True
Ms.,Ronan,Wong,,Male ,Public Relations,Sagittis Semper Incorporated,at@CuraePhasellus.co.uk,1638101589799,True
,Hadassah,Howell,, Female,Media Relations,Nunc Est Inc.,eu@nuncsitamet.co.uk,1635092744299,False
Mr.,Xander,Beard,III,Male ,Research and Development,Quam Limited,a@nullaInteger.net,1672110572699,True
Ms.,Amelia,Mcleod,, Female,Advertising,Nullam Company,risus.Nunc@disparturientmontes.ca,1684031411299,True
,Yasir,Holland,Jr., Female,Media Relations,Felis Nulla Tempor Corporation,a.sollicitudin@cursusvestibulum.net,1662102943899,False
Mrs.,John,Bartlett,,Male ,Customer Relations,Diam Pellentesque Habitant Company,sapien.Nunc.pulvinar@congue.ca,1690071019399,False
Mr.,Debra,Harrell,, Female,Payroll,Tempor LLC,Lorem@facilisismagnatellus.co.uk,1649052964399,False
,Zane,Daugherty,, Female,Public Relations,Nostra Consulting,nibh.dolor.nonummy@elementumlorem.ca,1648070314599,True
,Carlos,Erickson,IV,Male ,Tech Support,Sagittis Duis Gravida Foundation,pellentesque@erosProinultrices.co.uk,1602103026399,True
Dr.,Yael,Paul,, Female,Asset Management,Ipsum Dolor Sit Inc.,sem.molestie@vitaealiquameros.edu,1678060449799,False
Mr.,Katelyn,Sanders,,Male ,Payroll,Eu Foundation,ullamcorper.magna@nunc.co.uk,1633050489999,False
Ms.,Kevyn,Mosley,Sr., Female,Research and Development,Enim Nunc Ut Corporation,turpis@viverraMaecenasiaculis.ca,1663040895199,True
Mrs.,Orla,Mckenzie,Jr.,Male ,Finances,Praesent LLC,leo.elementum.sem@egetmetusIn.org,1620051972399,True
Mr.,Oren,Mccarthy,Sr., Female,Human Resources,Elit Incorporated,cubilia.Curae@quistristiqueac.edu,1617070185099,False
Ms.,Prescott,Rogers,Sr., Female,Research and Development,Dapibus LLC,molestie.dapibus.ligula@liberoIntegerin.co.uk,1665122495799,True
Mr.,Florence,Carlson,Jr., Female,Research and Development,Non Massa Ltd,Sed.et.libero@eudui.co.uk,1694030693899,False
Dr.,Emerson,Stuart,,Male ,Accounting,Semper Dui Company,Nunc@Vivamussit.ca,1679071648799,True
Dr.,Diana,Nicholson,IV,Male ,Asset Management,Vestibulum Neque Sed Inc.,nunc.Quisque.ornare@vitaepurus.org,1644040652499,True
Dr.,Samson,Ewing,, Female,Sales and Marketing,Arcu Industries,eget.ipsum.Donec@nasceturridiculusmus.co.uk,1682120886599,False
Mr.,Illiana,Lara,, Female,Customer Service,Aliquam Rutrum Consulting,nibh@Maecenaslibero.org,1667051128399,False
Dr.,Julie,Oneal,IV,Male ,Tech Support,Odio Phasellus At Ltd,convallis.est.vitae@Nullaeu.co.uk,1686100444999,True
Ms.,Megan,Mcintyre,Sr.,Male ,Quality Assurance,Vulputate Ullamcorper Inc.,id@ut.net,1600111173299,False
Dr.,Buffy,Booth,III, Female,Finances,Vitae Risus Duis PC,nulla@vehiculaet.org,1658090117799,False
Dr.,Lareina,Bradshaw,III, Female,Legal Department,Phasellus Libero Mauris Corporation,quam.a@commodo.ca,1611122752899,True
Ms.,Grace,Rios,Sr., Female,Legal Department,Vitae Ltd,sed@leoMorbi.com,1681072149399,False
Ms.,Griffin,Mcdowell,IV, Female,Payroll,Quis Urna Corp.,In.condimentum@ullamcorper.org,1687020800599,False
Mrs.,Chancellor,Hobbs,Sr., Female,Finances,Magna Company,Aliquam.fringilla@utnulla.com,1639101915599,True
Mrs.,Tucker,Dickerson,, Female,Sales and Marketing,Lectus Ante Dictum Limited,nonummy.Fusce@ligula.co.uk,1665102032399,True
Mrs.,Caldwell,Melton,Sr.,Male ,Public Relations,Tincidunt Corporation,tincidunt.nibh@nuncacmattis.net,1644081007399,True
,Boris,Bowers,,Male ,Public Relations,Vehicula Pellentesque Foundation,sit@parturientmontes.net,1604060976899,False
Dr.,Jorden,Hill,, Female,Legal Department,Dui Nec Inc.,rutrum.magna@necurnaet.com,1655022471199,True
,Jerry,Anderson,III,Male ,Asset Management,Tincidunt Congue Industries,auctor@Morbi.co.uk,1675020115499,False
Mrs.,Imani,Bowers,IV, Female,Quality Assurance,Pharetra Felis Inc.,at@porta.co.uk,1645042699699,True
Mrs.,Noah,Garcia,,Male ,Human Resources,Nulla Aliquet Proin Incorporated,consectetuer.mauris.id@lectussit.ca,1602012640899,True
,Cullen,Bryan,Jr., Female,Asset Management,Nunc Ullamcorper Velit LLC,faucibus.leo.in@Utsagittis.co.uk,1696010672899,False
,Kendall,Fernandez,IV,Male ,Advertising,Sem Ltd,Nulla@Praesent.net,1632111420099,False
,Macaulay,Meadows,IV, Female,Payroll,Risus Donec Egestas Incorporated,eros.Nam@risus.net,1639121208099,False
Mr.,Brady,Walton,, Female,Public Relations,Vel Nisl Quisque Foundation,orci.luctus.et@accumsansed.net,1622033075099,False
Mr.,Olympia,Abbott,III, Female,Sales and Marketing,Arcu Ac LLP,rhoncus.Proin.nisl@laciniaSed.net,1625062941299,True
Ms.,Althea,Skinner,,Male ,Accounting,A Scelerisque Sed Institute,Nunc.sed@disparturientmontes.edu,1609031389399,True
Ms.,Holmes,Bryan,Sr., Female,Asset Management,Odio Auctor Vitae Inc.,eget@pharetraut.org,1602061884999,False
Ms.,Amanda,Harrell,Sr.,Male ,Payroll,Morbi Neque Associates,tellus@Vivamussit.co.uk,1646091998899,False
,Hyatt,Horton,Jr.,Male ,Finances,Egestas Associates,Quisque.tincidunt@nuncid.edu,1653110594199,False
Dr.,Carissa,Gaines,III,Male ,Accounting,Duis A Corp.,aliquet.sem.ut@utdolor.co.uk,1644050322199,False
Dr.,Eaton,Daniel,III,Male ,Finances,Urna Nec Consulting,leo.Morbi@Donecvitae.net,1698021685099,False
Ms.,Basil,Frederick,IV,Male ,Quality Assurance,Sagittis Foundation,elit.pede.malesuada@In.ca,1696070264799,False
Mr.,Richard,Valdez,,Male ,Quality Assurance,Sed Et Libero Institute,purus.sapien.gravida@commodotincidunt.co.uk,1653011941899,False
,Colton,Weaver,III,Male ,Tech Support,Nulla Limited,adipiscing.fringilla.porttitor@justoPraesent.edu,1620061330499,True
Dr.,Chastity,Powell,,Male ,Research and Development,Nam PC,vel.arcu@enimcommodohendrerit.net,1652093089899,False
Mrs.,Hayden,Burch,III, Female,Accounting,Cursus Vestibulum Mauris PC,nisi.dictum.augue@auctornunc.ca,1630011499599,False
Mr.,Athena,Vazquez,III,Male ,Tech Support,Sed Nec Metus Inc.,sem.Pellentesque.ut@accumsaninterdumlibero.edu,1617120915699,True
Dr.,Forrest,Boyle,,Male ,Customer Service,Erat Sed Nunc Limited,vitae.erat@aliquam.org,1605020913799,True
Dr.,Paula,Swanson,Jr.,Male ,Advertising,Tristique Senectus Corporation,orci@sapiengravidanon.net,1696081942199,True
,Raya,Russo,, Female,Public Relations,Aliquet Libero Integer PC,gravida@aclibero.ca,1603010941599,True
Dr.,Stacy,Meadows,, Female,Advertising,Vulputate Velit Eu Company,scelerisque.neque@dictumaugue.ca,1611042690799,False
Mr.,Yoshio,Ortiz,,Male ,Tech Support,Donec Associates,tincidunt.Donec.vitae@duiCum.co.uk,1698031037599,False
Ms.,Fay,Diaz,,Male ,Legal Department,Ut Cursus Luctus LLC,orci@mollisvitae.com,1677021334999,False
Dr.,Brandon,Patterson,, Female,Finances,Consectetuer Mauris Industries,Suspendisse@magnaSuspendissetristique.edu,1660082601699,False
,Quinn,Maddox,IV, Female,Research and Development,Maecenas Incorporated,lorem@elitpellentesquea.net,1654111264499,True
,Callum,Knowles,IV,Male ,Sales and Marketing,Proin Dolor Nulla Consulting,velit@cursuseteros.edu,1613092152499,False
Mr.,Cheyenne,Howell,Sr.,Male ,Quality Assurance,Justo Faucibus Lectus Corporation,mauris@laoreetipsumCurabitur.net,1669112150399,False
Mrs.,Kay,Molina,III, Female,Customer Relations,Dis Parturient Industries,in@Cumsociisnatoque.com,1636032087299,True
,Jameson,Riley,III,Male ,Advertising,Et Malesuada Company,amet@Aliquamnec.edu,1679103065599,False
,Arden,Ratliff,IV, Female,Accounting,Aliquam Rutrum Lorem Limited,ligula.Nullam.feugiat@nonmagna.edu,1640052594699,False
Mr.,Nehru,Lindsay,,Male ,Media Relations,Tincidunt Donec PC,sit@necmauris.org,1612031203699,True